ic.h_max,ic.eps_s,ic.eps_max,ic.eps_ratio,ic.m0,ic.costs_runtime,ela_meta.lin_simple.adj_r2,ela_meta.lin_simple.intercept,ela_meta.lin_simple.coef.min,ela_meta.lin_simple.coef.max,ela_meta.lin_simple.coef.max_by_min,ela_meta.lin_w_interact.adj_r2,ela_meta.quad_simple.adj_r2,ela_meta.quad_simple.cond,ela_meta.quad_w_interact.adj_r2,ela_meta.costs_runtime,ela_distr.skewness,ela_distr.kurtosis,ela_distr.number_of_peaks,ela_distr.costs_runtime,nbc.nn_nb.sd_ratio,nbc.nn_nb.mean_ratio,nbc.nn_nb.cor,nbc.dist_ratio.coeff_var,nbc.nb_fitness.cor,nbc.costs_runtime,disp.ratio_mean_02,disp.ratio_mean_05,disp.ratio_mean_10,disp.ratio_mean_25,disp.ratio_median_02,disp.ratio_median_05,disp.ratio_median_10,disp.ratio_median_25,disp.diff_mean_02,disp.diff_mean_05,disp.diff_mean_10,disp.diff_mean_25,disp.diff_median_02,disp.diff_median_05,disp.diff_median_10,disp.diff_median_25,disp.costs_runtime
0.41722907084971084,-2.5175175175175175,0.0005031548945038057,-3.1781781781781775,0.1653306613226453,0.5,0.5657074355995471,-0.4402547218591731,5.259303010117457e-06,0.004741183242337035,901.4850890348586,0.5725360069481904,0.8949141376168158,2453614.5739364265,0.9799181556902877,0.015,1.7515271099795988,1.80801425764023,3,0.031,0.1440421262347668,0.15820288586974876,0.1347689190901574,1.0719552222196678,-0.0684715396801441,1.157,0.8302214314677776,0.8302214314677776,0.8302214314677776,0.8302214314677776,0.8146335696899093,0.8146335696899093,0.8146335696899093,0.8146335696899093,-96.67636688493735,-96.67636688493735,-96.67636688493735,-96.67636688493735,-103.65711768276509,-103.65711768276509,-103.65711768276509,-103.65711768276509,0.063
