ic.h_max,ic.eps_s,ic.eps_max,ic.eps_ratio,ic.m0,ic.costs_runtime,ela_meta.lin_simple.adj_r2,ela_meta.lin_simple.intercept,ela_meta.lin_simple.coef.min,ela_meta.lin_simple.coef.max,ela_meta.lin_simple.coef.max_by_min,ela_meta.lin_w_interact.adj_r2,ela_meta.quad_simple.adj_r2,ela_meta.quad_simple.cond,ela_meta.quad_w_interact.adj_r2,ela_meta.costs_runtime,ela_distr.skewness,ela_distr.kurtosis,ela_distr.number_of_peaks,ela_distr.costs_runtime,nbc.nn_nb.sd_ratio,nbc.nn_nb.mean_ratio,nbc.nn_nb.cor,nbc.dist_ratio.coeff_var,nbc.nb_fitness.cor,nbc.costs_runtime,disp.ratio_mean_02,disp.ratio_mean_05,disp.ratio_mean_10,disp.ratio_mean_25,disp.ratio_median_02,disp.ratio_median_05,disp.ratio_median_10,disp.ratio_median_25,disp.diff_mean_02,disp.diff_mean_05,disp.diff_mean_10,disp.diff_mean_25,disp.diff_median_02,disp.diff_median_05,disp.diff_median_10,disp.diff_median_25,disp.costs_runtime
0.7352410076960083,4.78978978978979,1.60400310705682,1.5665665665665667,0.6362725450901804,0.672,0.7147075374382801,0.9613654918979178,4.702514010438752,4.702514010438752,1.0,0.7147075374382801,0.7967550485957604,1.0,0.8163579825735022,0.015,-0.9872688957971841,-0.07667874320409052,2,0.032,0.028586470464172068,0.1828776118685371,0.0002716614583951607,0.6160762358840681,-0.20039235494911495,0.14,0.2451876593596104,0.2860946320621576,0.28795615973715527,0.33463199530361276,0.24972125910240306,0.2930924027882751,0.2806874874919169,0.33140172778011384,-0.2553703648555149,-0.24153059570796598,-0.24090079810668474,-0.2251092900499543,-0.222358918964855,-0.20950508198591788,-0.21318150703275962,-0.19815140817494525,0.047
