ic.h_max,ic.eps_s,ic.eps_max,ic.eps_ratio,ic.m0,ic.costs_runtime,ela_meta.lin_simple.adj_r2,ela_meta.lin_simple.intercept,ela_meta.lin_simple.coef.min,ela_meta.lin_simple.coef.max,ela_meta.lin_simple.coef.max_by_min,ela_meta.lin_w_interact.adj_r2,ela_meta.quad_simple.adj_r2,ela_meta.quad_simple.cond,ela_meta.quad_w_interact.adj_r2,ela_meta.costs_runtime,ela_distr.skewness,ela_distr.kurtosis,ela_distr.number_of_peaks,ela_distr.costs_runtime,nbc.nn_nb.sd_ratio,nbc.nn_nb.mean_ratio,nbc.nn_nb.cor,nbc.dist_ratio.coeff_var,nbc.nb_fitness.cor,nbc.costs_runtime,disp.ratio_mean_02,disp.ratio_mean_05,disp.ratio_mean_10,disp.ratio_mean_25,disp.ratio_median_02,disp.ratio_median_05,disp.ratio_median_10,disp.ratio_median_25,disp.diff_mean_02,disp.diff_mean_05,disp.diff_mean_10,disp.diff_mean_25,disp.diff_median_02,disp.diff_median_05,disp.diff_median_10,disp.diff_median_25,disp.costs_runtime
0.023171388504111344,-inf,6.0364385060758635e-05,-3.9189189189189184,0.003006012024048096,0.515,0.014579584608838458,-1.7884048418308123,1.6672661734031234e-07,4.945338834134704e-05,296.6136369240057,0.04680796928030173,0.034334770348078636,26423.42152902705,0.22891652164372422,0.032,21.203918244744585,458.88817112833283,5,0.015,0.38039640812155867,0.12110669736944388,0.11328521269392443,0.6036027462395135,-0.027239437374682467,1.735,0.9963252464129123,0.9963252464129123,0.9963252464129123,0.9963252464129123,0.9966316025303287,0.9966316025303287,0.9966316025303287,0.9966316025303287,-2.1205674998124096,-2.1205674998124096,-2.1205674998124096,-2.1205674998124096,-1.906803808974928,-1.906803808974928,-1.906803808974928,-1.906803808974928,0.125
