ic.h_max,ic.eps_s,ic.eps_max,ic.eps_ratio,ic.m0,ic.costs_runtime,ela_meta.lin_simple.adj_r2,ela_meta.lin_simple.intercept,ela_meta.lin_simple.coef.min,ela_meta.lin_simple.coef.max,ela_meta.lin_simple.coef.max_by_min,ela_meta.lin_w_interact.adj_r2,ela_meta.quad_simple.adj_r2,ela_meta.quad_simple.cond,ela_meta.quad_w_interact.adj_r2,ela_meta.costs_runtime,ela_distr.skewness,ela_distr.kurtosis,ela_distr.number_of_peaks,ela_distr.costs_runtime,nbc.nn_nb.sd_ratio,nbc.nn_nb.mean_ratio,nbc.nn_nb.cor,nbc.dist_ratio.coeff_var,nbc.nb_fitness.cor,nbc.costs_runtime,disp.ratio_mean_02,disp.ratio_mean_05,disp.ratio_mean_10,disp.ratio_mean_25,disp.ratio_median_02,disp.ratio_median_05,disp.ratio_median_10,disp.ratio_median_25,disp.diff_mean_02,disp.diff_mean_05,disp.diff_mean_10,disp.diff_mean_25,disp.diff_median_02,disp.diff_median_05,disp.diff_median_10,disp.diff_median_25,disp.costs_runtime
0.7903368582101715,-0.8158158158158154,0.0038245697224669993,-2.057057057057057,0.6372745490981964,0.625,0.6274940720417735,-0.09434395682259936,4.514351100231076e-05,0.09151194868881307,2027.1340588490968,0.6721707356113895,0.83153273687236,48895162.108028226,0.9476846389065384,0.032,-2.039051337401469,4.329114673861049,3,0.015,0.03496342842053488,0.3178543994954437,0.012654360900651786,0.4591758099851915,-0.663006018814471,0.157,0.8824126092028568,0.9166941380254399,0.9032707648207389,0.848269652098896,0.7527190385870149,0.874512303267201,0.8830664662648257,0.8211528177707452,-42.08436471792021,-29.815052912657052,-34.61925963806999,-54.304081896526895,-77.83797721145746,-39.5004468714144,-36.80780631927672,-56.29670321219925,0.046
