ic.h_max,ic.eps_s,ic.eps_max,ic.eps_ratio,ic.m0,ic.costs_runtime,ela_meta.lin_simple.adj_r2,ela_meta.lin_simple.intercept,ela_meta.lin_simple.coef.min,ela_meta.lin_simple.coef.max,ela_meta.lin_simple.coef.max_by_min,ela_meta.lin_w_interact.adj_r2,ela_meta.quad_simple.adj_r2,ela_meta.quad_simple.cond,ela_meta.quad_w_interact.adj_r2,ela_meta.costs_runtime,ela_distr.skewness,ela_distr.kurtosis,ela_distr.number_of_peaks,ela_distr.costs_runtime,nbc.nn_nb.sd_ratio,nbc.nn_nb.mean_ratio,nbc.nn_nb.cor,nbc.dist_ratio.coeff_var,nbc.nb_fitness.cor,nbc.costs_runtime,disp.ratio_mean_02,disp.ratio_mean_05,disp.ratio_mean_10,disp.ratio_mean_25,disp.ratio_median_02,disp.ratio_median_05,disp.ratio_median_10,disp.ratio_median_25,disp.diff_mean_02,disp.diff_mean_05,disp.diff_mean_10,disp.diff_mean_25,disp.diff_median_02,disp.diff_median_05,disp.diff_median_10,disp.diff_median_25,disp.costs_runtime
0.8074812050513502,-2.317317317317317,4.577840538376616e-05,-3.938938938938938,0.5751503006012024,0.437,0.05293239100380753,-0.338774251799004,1.3934087903959725e-05,0.0012834328642854938,92.10741837797462,0.09102169670273774,0.5050343242745154,79028.51656426638,0.8421020172230658,0.015,-3.254239523131378,13.982052116327232,4,0.032,0.224549041627711,0.5464343799382277,0.16831058592880876,0.4146704624987916,-0.1932113414253636,0.156,0.531362745638442,0.5500974884370862,0.729896571735942,1.246608754735002,0.40937547234190186,0.4928336845431942,0.6745496948814754,1.5204582361721959,-266.1633004159195,-255.5228723890785,-153.40568691739384,140.06184839305934,-328.1688672622614,-281.7969580724585,-180.83004172615347,289.1823516019234,0.047
