ic.h_max,ic.eps_s,ic.eps_max,ic.eps_ratio,ic.m0,ic.costs_runtime,ela_meta.lin_simple.adj_r2,ela_meta.lin_simple.intercept,ela_meta.lin_simple.coef.min,ela_meta.lin_simple.coef.max,ela_meta.lin_simple.coef.max_by_min,ela_meta.lin_w_interact.adj_r2,ela_meta.quad_simple.adj_r2,ela_meta.quad_simple.cond,ela_meta.quad_w_interact.adj_r2,ela_meta.costs_runtime,ela_distr.skewness,ela_distr.kurtosis,ela_distr.number_of_peaks,ela_distr.costs_runtime,nbc.nn_nb.sd_ratio,nbc.nn_nb.mean_ratio,nbc.nn_nb.cor,nbc.dist_ratio.coeff_var,nbc.nb_fitness.cor,nbc.costs_runtime,disp.ratio_mean_02,disp.ratio_mean_05,disp.ratio_mean_10,disp.ratio_mean_25,disp.ratio_median_02,disp.ratio_median_05,disp.ratio_median_10,disp.ratio_median_25,disp.diff_mean_02,disp.diff_mean_05,disp.diff_mean_10,disp.diff_mean_25,disp.diff_median_02,disp.diff_median_05,disp.diff_median_10,disp.diff_median_25,disp.costs_runtime
0.8353946316034264,1.3463463463463456,0.6092349152400711,0.005005005005004979,0.5721442885771543,0.625,0.1686025867713864,-0.05300259528907779,0.0163674500898891,0.0163674500898891,1.0,0.1686025867713864,0.21541619917680588,1.0,0.28226349000444606,0.015,-6.295143808796178,67.06113779284138,5,0.031,0.016448527111607915,0.15811888243053857,0.4279801871189216,0.6090771555249632,-0.05383926470842766,0.157,0.7700825983842348,1.332786890428554,0.8796905237710506,0.594664214720449,0.02755344223009461,0.2850559444866987,0.18851519387438914,0.3237249506801257,-0.07678893885412968,0.1111457941025285,-0.04018154758532072,-0.13537602901079346,-0.2860185345901094,-0.21028122259054655,-0.23867604161451955,-0.19890779296901168,0.031
