ic.h_max,ic.eps_s,ic.eps_max,ic.eps_ratio,ic.m0,ic.costs_runtime,ela_meta.lin_simple.adj_r2,ela_meta.lin_simple.intercept,ela_meta.lin_simple.coef.min,ela_meta.lin_simple.coef.max,ela_meta.lin_simple.coef.max_by_min,ela_meta.lin_w_interact.adj_r2,ela_meta.quad_simple.adj_r2,ela_meta.quad_simple.cond,ela_meta.quad_w_interact.adj_r2,ela_meta.costs_runtime,ela_distr.skewness,ela_distr.kurtosis,ela_distr.number_of_peaks,ela_distr.costs_runtime,nbc.nn_nb.sd_ratio,nbc.nn_nb.mean_ratio,nbc.nn_nb.cor,nbc.dist_ratio.coeff_var,nbc.nb_fitness.cor,nbc.costs_runtime,disp.ratio_mean_02,disp.ratio_mean_05,disp.ratio_mean_10,disp.ratio_mean_25,disp.ratio_median_02,disp.ratio_median_05,disp.ratio_median_10,disp.ratio_median_25,disp.diff_mean_02,disp.diff_mean_05,disp.diff_mean_10,disp.diff_mean_25,disp.diff_median_02,disp.diff_median_05,disp.diff_median_10,disp.diff_median_25,disp.costs_runtime
0.40901874261449883,-2.3773773773773774,0.000276338529005317,-3.3783783783783776,0.14729458917835672,0.422,0.5789264315492288,-0.43556984785735386,9.395436007161027e-06,0.002268475502002927,241.44440984685937,0.580520824611386,0.9106285572758215,22484283.995670076,0.9697924813914083,0.032,1.8105997985932503,2.1320568637075885,2,0.015,0.15700678272735707,0.16577560362720214,-0.012425247705375703,1.0339668761789516,-0.09148106644459107,1.203,0.8253360375548944,0.8253360375548944,0.8253360375548944,0.8253360375548944,0.8045718885056107,0.8045718885056107,0.8045718885056107,0.8045718885056107,-98.83874063516163,-98.83874063516163,-98.83874063516163,-98.83874063516163,-108.59993382833221,-108.59993382833221,-108.59993382833221,-108.59993382833221,0.078
