ic.h_max,ic.eps_s,ic.eps_max,ic.eps_ratio,ic.m0,ic.costs_runtime,ela_meta.lin_simple.adj_r2,ela_meta.lin_simple.intercept,ela_meta.lin_simple.coef.min,ela_meta.lin_simple.coef.max,ela_meta.lin_simple.coef.max_by_min,ela_meta.lin_w_interact.adj_r2,ela_meta.quad_simple.adj_r2,ela_meta.quad_simple.cond,ela_meta.quad_w_interact.adj_r2,ela_meta.costs_runtime,ela_distr.skewness,ela_distr.kurtosis,ela_distr.number_of_peaks,ela_distr.costs_runtime,nbc.nn_nb.sd_ratio,nbc.nn_nb.mean_ratio,nbc.nn_nb.cor,nbc.dist_ratio.coeff_var,nbc.nb_fitness.cor,nbc.costs_runtime,disp.ratio_mean_02,disp.ratio_mean_05,disp.ratio_mean_10,disp.ratio_mean_25,disp.ratio_median_02,disp.ratio_median_05,disp.ratio_median_10,disp.ratio_median_25,disp.diff_mean_02,disp.diff_mean_05,disp.diff_mean_10,disp.diff_mean_25,disp.diff_median_02,disp.diff_median_05,disp.diff_median_10,disp.diff_median_25,disp.costs_runtime
0.8231972349864255,-2.017017017017017,4.174655289253135e-05,-4.1391391391391394,0.5811623246492986,0.625,0.21874375189467998,-0.37411267046810603,1.594058892556737e-05,0.0047859397010873396,300.23606552020755,0.2468650155928459,0.5804975778042948,1498804.6161893958,0.841322949340298,0.016,-4.035869571351349,19.559755993830986,5,0.031,0.2041284520065567,0.5693292791882907,0.2288004075525477,0.3977146613607102,-0.16439287231920788,0.156,0.5948763195172804,0.6221259305945384,0.6497872512437828,1.0097184799897463,0.5236057146493235,0.5277353568173713,0.5522923257929407,0.9076508703546493,-225.7436398500949,-210.55956968724973,-195.14608608396924,5.415346355664838,-260.6912697125308,-258.43145742394654,-244.9934552912802,-50.5350559492378,0.047
