ic.h_max,ic.eps_s,ic.eps_max,ic.eps_ratio,ic.m0,ic.costs_runtime,ela_meta.lin_simple.adj_r2,ela_meta.lin_simple.intercept,ela_meta.lin_simple.coef.min,ela_meta.lin_simple.coef.max,ela_meta.lin_simple.coef.max_by_min,ela_meta.lin_w_interact.adj_r2,ela_meta.quad_simple.adj_r2,ela_meta.quad_simple.cond,ela_meta.quad_w_interact.adj_r2,ela_meta.costs_runtime,ela_distr.skewness,ela_distr.kurtosis,ela_distr.number_of_peaks,ela_distr.costs_runtime,nbc.nn_nb.sd_ratio,nbc.nn_nb.mean_ratio,nbc.nn_nb.cor,nbc.dist_ratio.coeff_var,nbc.nb_fitness.cor,nbc.costs_runtime,disp.ratio_mean_02,disp.ratio_mean_05,disp.ratio_mean_10,disp.ratio_mean_25,disp.ratio_median_02,disp.ratio_median_05,disp.ratio_median_10,disp.ratio_median_25,disp.diff_mean_02,disp.diff_mean_05,disp.diff_mean_10,disp.diff_mean_25,disp.diff_median_02,disp.diff_median_05,disp.diff_median_10,disp.diff_median_25,disp.costs_runtime
0.8211130537514123,-1.1361361361361362,0.0036522673643081755,-2.2172172172172173,0.5561122244488977,0.594,0.7870496877101094,-0.06889300860755444,6.512619579948642e-05,0.036744829562924367,564.2096718815892,0.8126654774130788,0.8740887431517602,2319892.363512,0.9571061832474966,0.016,-0.20215700869883288,-0.21831290828729433,2,0.015,0.06060016065636632,0.3599665082581783,0.04233418329389002,0.446721057519042,-0.4637329529393149,0.156,0.7162957526061475,0.691213086463495,0.6125193173849524,0.5778526965865041,0.6209860821395502,0.6572878932826592,0.5323530942798881,0.5234610122060018,-103.53302734969537,-112.68651864778437,-141.4044677835572,-154.05545990728328,-120.87140507416461,-109.2943871525691,-149.13736912898133,-151.97314481862543,0.047
