ic.h_max,ic.eps_s,ic.eps_max,ic.eps_ratio,ic.m0,ic.costs_runtime,ela_meta.lin_simple.adj_r2,ela_meta.lin_simple.intercept,ela_meta.lin_simple.coef.min,ela_meta.lin_simple.coef.max,ela_meta.lin_simple.coef.max_by_min,ela_meta.lin_w_interact.adj_r2,ela_meta.quad_simple.adj_r2,ela_meta.quad_simple.cond,ela_meta.quad_w_interact.adj_r2,ela_meta.costs_runtime,ela_distr.skewness,ela_distr.kurtosis,ela_distr.number_of_peaks,ela_distr.costs_runtime,nbc.nn_nb.sd_ratio,nbc.nn_nb.mean_ratio,nbc.nn_nb.cor,nbc.dist_ratio.coeff_var,nbc.nb_fitness.cor,nbc.costs_runtime,disp.ratio_mean_02,disp.ratio_mean_05,disp.ratio_mean_10,disp.ratio_mean_25,disp.ratio_median_02,disp.ratio_median_05,disp.ratio_median_10,disp.ratio_median_25,disp.diff_mean_02,disp.diff_mean_05,disp.diff_mean_10,disp.diff_mean_25,disp.diff_median_02,disp.diff_median_05,disp.diff_median_10,disp.diff_median_25,disp.costs_runtime
0.0972065863976793,-3.5785785785785786,0.0,-4.1191191191191185,0.025050100200400802,0.422,0.03550230590985104,-1.7907524407168676,1.6508670561008804e-07,5.344022158596692e-05,323.7100249137282,0.043233706967966246,0.08771124933645769,2878457.893161119,0.16956775783182365,0.031,10.697908977165552,120.87298573387639,9,0.016,0.028267447282858,0.02649060168835241,0.032422484386979866,2.4839192971205653,-0.003028411641097727,0.672,0.9872374235685545,0.9872374235685545,0.9872374235685545,0.9872374235685545,0.9873663351070661,0.9873663351070661,0.9873663351070661,0.9873663351070661,-7.40524852429769,-7.40524852429769,-7.40524852429769,-7.40524852429769,-7.189348329059953,-7.189348329059953,-7.189348329059953,-7.189348329059953,0.125
