ic.h_max,ic.eps_s,ic.eps_max,ic.eps_ratio,ic.m0,ic.costs_runtime,ela_meta.lin_simple.adj_r2,ela_meta.lin_simple.intercept,ela_meta.lin_simple.coef.min,ela_meta.lin_simple.coef.max,ela_meta.lin_simple.coef.max_by_min,ela_meta.lin_w_interact.adj_r2,ela_meta.quad_simple.adj_r2,ela_meta.quad_simple.cond,ela_meta.quad_w_interact.adj_r2,ela_meta.costs_runtime,ela_distr.skewness,ela_distr.kurtosis,ela_distr.number_of_peaks,ela_distr.costs_runtime,nbc.nn_nb.sd_ratio,nbc.nn_nb.mean_ratio,nbc.nn_nb.cor,nbc.dist_ratio.coeff_var,nbc.nb_fitness.cor,nbc.costs_runtime,disp.ratio_mean_02,disp.ratio_mean_05,disp.ratio_mean_10,disp.ratio_mean_25,disp.ratio_median_02,disp.ratio_median_05,disp.ratio_median_10,disp.ratio_median_25,disp.diff_mean_02,disp.diff_mean_05,disp.diff_mean_10,disp.diff_mean_25,disp.diff_median_02,disp.diff_median_05,disp.diff_median_10,disp.diff_median_25,disp.costs_runtime
0.708140085776422,2.067067067067067,0.0220466873523941,-0.3953953953953952,0.5511022044088176,0.719,0.5960164009572655,0.2703724587341193,0.13311183271847318,3.3287068809734164,25.006844342782912,0.6556413311706079,0.7211927370564096,693.8383251229692,0.7904804005334547,0.016,-1.72992497968605,3.721766465718323,5,0.015,0.1755980653589865,0.518314221405105,0.1529299958199233,0.42525131070644206,-0.2760182586033324,0.172,0.6647068011694015,0.5961009805752362,0.6627673267683545,0.7886251785198,0.5868075738384291,0.5657972839431901,0.6354591324393548,0.7786500899595172,-0.8659705616238471,-1.0431606185584958,-0.8709796931606257,-0.5459233098337597,-0.9295997897073796,-0.9768687129297717,-0.8201435756511426,-0.4979927433251621,0.047
