ic.h_max,ic.eps_s,ic.eps_max,ic.eps_ratio,ic.m0,ic.costs_runtime,ela_meta.lin_simple.adj_r2,ela_meta.lin_simple.intercept,ela_meta.lin_simple.coef.min,ela_meta.lin_simple.coef.max,ela_meta.lin_simple.coef.max_by_min,ela_meta.lin_w_interact.adj_r2,ela_meta.quad_simple.adj_r2,ela_meta.quad_simple.cond,ela_meta.quad_w_interact.adj_r2,ela_meta.costs_runtime,ela_distr.skewness,ela_distr.kurtosis,ela_distr.number_of_peaks,ela_distr.costs_runtime,nbc.nn_nb.sd_ratio,nbc.nn_nb.mean_ratio,nbc.nn_nb.cor,nbc.dist_ratio.coeff_var,nbc.nb_fitness.cor,nbc.costs_runtime,disp.ratio_mean_02,disp.ratio_mean_05,disp.ratio_mean_10,disp.ratio_mean_25,disp.ratio_median_02,disp.ratio_median_05,disp.ratio_median_10,disp.ratio_median_25,disp.diff_mean_02,disp.diff_mean_05,disp.diff_mean_10,disp.diff_mean_25,disp.diff_median_02,disp.diff_median_05,disp.diff_median_10,disp.diff_median_25,disp.costs_runtime
0.11760284348096785,-2.6776776776776776,0.0001589282865622978,-3.278278278278278,0.04008016032064128,0.39,0.09000164522162246,-0.199016760353217,2.731275267333042e-06,0.0008259243511466447,302.3951342528429,0.1057154234943748,0.21956547188851272,1662575.175222338,0.4324105873403401,0.016,6.055062599966366,38.08624963543073,6,0.016,0.256848371204847,0.12370239714750669,0.01774832716024992,1.1545188147578789,-0.0896386039507908,1.734,0.9763702127437457,0.9763702127437457,0.9763702127437457,0.9763702127437457,0.9753724804285198,0.9753724804285198,0.9753724804285198,0.9753724804285198,-13.463260889944081,-13.463260889944081,-13.463260889944081,-13.463260889944081,-13.763326942284266,-13.763326942284266,-13.763326942284266,-13.763326942284266,0.125
