ic.h_max,ic.eps_s,ic.eps_max,ic.eps_ratio,ic.m0,ic.costs_runtime,ela_meta.lin_simple.adj_r2,ela_meta.lin_simple.intercept,ela_meta.lin_simple.coef.min,ela_meta.lin_simple.coef.max,ela_meta.lin_simple.coef.max_by_min,ela_meta.lin_w_interact.adj_r2,ela_meta.quad_simple.adj_r2,ela_meta.quad_simple.cond,ela_meta.quad_w_interact.adj_r2,ela_meta.costs_runtime,ela_distr.skewness,ela_distr.kurtosis,ela_distr.number_of_peaks,ela_distr.costs_runtime,nbc.nn_nb.sd_ratio,nbc.nn_nb.mean_ratio,nbc.nn_nb.cor,nbc.dist_ratio.coeff_var,nbc.nb_fitness.cor,nbc.costs_runtime,disp.ratio_mean_02,disp.ratio_mean_05,disp.ratio_mean_10,disp.ratio_mean_25,disp.ratio_median_02,disp.ratio_median_05,disp.ratio_median_10,disp.ratio_median_25,disp.diff_mean_02,disp.diff_mean_05,disp.diff_mean_10,disp.diff_mean_25,disp.diff_median_02,disp.diff_median_05,disp.diff_median_10,disp.diff_median_25,disp.costs_runtime
0.40644977723728914,-2.617617617617617,0.00010991097009294972,-3.798798798798799,0.14228456913827656,0.578,0.44034887648303556,-0.1878390619798109,5.083353932366507e-07,0.0010264017149275947,2019.1427325025218,0.44296044507921006,0.7918385848300673,3140908.714033857,0.9428748280496148,0.031,2.6946031831325694,6.770698768816407,3,0.031,0.14703053696651183,0.17380237307762325,0.023755562441126834,1.009486741172814,-0.09061975688579309,1.157,0.8204583305087053,0.8204583305087053,0.8204583305087053,0.8204583305087053,0.8043803837315966,0.8043803837315966,0.8043803837315966,0.8043803837315966,-102.56882068498982,-102.56882068498982,-102.56882068498982,-102.56882068498982,-109.73848481215924,-109.73848481215924,-109.73848481215924,-109.73848481215924,0.078
