ic.h_max,ic.eps_s,ic.eps_max,ic.eps_ratio,ic.m0,ic.costs_runtime,ela_meta.lin_simple.adj_r2,ela_meta.lin_simple.intercept,ela_meta.lin_simple.coef.min,ela_meta.lin_simple.coef.max,ela_meta.lin_simple.coef.max_by_min,ela_meta.lin_w_interact.adj_r2,ela_meta.quad_simple.adj_r2,ela_meta.quad_simple.cond,ela_meta.quad_w_interact.adj_r2,ela_meta.costs_runtime,ela_distr.skewness,ela_distr.kurtosis,ela_distr.number_of_peaks,ela_distr.costs_runtime,nbc.nn_nb.sd_ratio,nbc.nn_nb.mean_ratio,nbc.nn_nb.cor,nbc.dist_ratio.coeff_var,nbc.nb_fitness.cor,nbc.costs_runtime,disp.ratio_mean_02,disp.ratio_mean_05,disp.ratio_mean_10,disp.ratio_mean_25,disp.ratio_median_02,disp.ratio_median_05,disp.ratio_median_10,disp.ratio_median_25,disp.diff_mean_02,disp.diff_mean_05,disp.diff_mean_10,disp.diff_mean_25,disp.diff_median_02,disp.diff_median_05,disp.diff_median_10,disp.diff_median_25,disp.costs_runtime
0.8475022898765189,0.005005005005004979,0.0167194975973199,-1.5965965965965965,0.5781563126252505,0.671,0.1496702432164182,-0.05377157532294945,0.0001254376709717387,0.015750666740454358,125.56568229015514,0.14944883215249283,0.1937608586973123,6879.959384853925,0.25564448700437303,0.015,-5.840698426837488,53.51261034082103,3,0.016,0.15591391811150626,0.5133317609715784,0.19419627764207287,0.4295953369904561,-0.2951531573253491,0.156,0.9817991185537798,0.9508841610974464,0.9220618585188977,0.9725699079530394,1.0090371616863258,0.9670861950870556,0.9352454031973549,0.9779340229278333,-0.04515524793318715,-0.12185332285386963,-0.19335965197234106,-0.0680523419083019,0.019521096262133053,-0.07109683065987848,-0.13987585499468524,-0.04766452980425884,0.032
